Name,p1_head,p1_neck,p1_body,p1_r_arm_up,p1_r_arm_low,p1_r_hand,p1_l_arm_up,p1_l_arm_low,p1_l_hand,p1_r_leg_up,p1_r_leg_low,p1_r_foot,p1_l_leg_up,p1_l_leg_low,p1_l_foot,p1_main_weapon,p1_sub_weapon,p1_special_1,p1_special_2,p1_special_3,p1_special_4,p1_special_5,p1_special_6,p1_special_7,p1_special_8,p1_special_9,p1_special_10,p2_head,p2_neck,p2_body,p2_r_arm_up,p2_r_arm_low,p2_r_hand,p2_l_arm_up,p2_l_arm_low,p2_l_hand,p2_r_leg_up,p2_r_leg_low,p2_r_foot,p2_l_leg_up,p2_l_leg_low,p2_l_foot,p2_main_weapon,p2_sub_weapon,p2_special_1,p2_special_2,p2_special_3,p2_special_4,p2_special_5,p2_special_6,p2_special_7,p2_special_8,p2_special_9,p2_special_10,p3_head,p3_neck,p3_body,p3_r_arm_up,p3_r_arm_low,p3_r_hand,p3_l_arm_up,p3_l_arm_low,p3_l_hand,p3_r_leg_up,p3_r_leg_low,p3_r_foot,p3_l_leg_up,p3_l_leg_low,p3_l_foot,p3_main_weapon,p3_sub_weapon,p3_special_1,p3_special_2,p3_special_3,p3_special_4,p3_special_5,p3_special_6,p3_special_7,p3_special_8,p3_special_9,p3_special_10,p4_head,p4_neck,p4_body,p4_r_arm_up,p4_r_arm_low,p4_r_hand,p4_l_arm_up,p4_l_arm_low,p4_l_hand,p4_r_leg_up,p4_r_leg_low,p4_r_foot,p4_l_leg_up,p4_l_leg_low,p4_l_foot,p4_main_weapon,p4_sub_weapon,p4_special_1,p4_special_2,p4_special_3,p4_special_4,p4_special_5,p4_special_6,p4_special_7,p4_special_8,p4_special_9,p4_special_10,effect_1,effect_2,effect_3,effect_4,effect_5,effect_6,effect_7,effect_8,frame_property,animation_property,sound_effect
Default/0,,,"Rabbit_leader,Body,0,-462,0,0,5,1,1,0",,,,,,,,,,,,,,,,,,,,,,,,,,,,,,,,,,,,,,,,,,,,,,,,,,,,,,,,,,,,,,,,,,,,,,,,,,,,,,,,,,,,,,,,,,,,,,,,,,,,,,,,,,,,,,,,,,,,
teaparty_smile/0,,,"Rabbit_leader,Body,0,-462,0,0,5,1,1,0",,,,,,,,,,,,,,,,,,,,,,,,,,,,,,,,,,,,,,,,,,,,,,,,,,,,,,,,,,,,,,,,,,,,,,,,,,,,,,,,,,,,,,,,,,,,,,,,,,,,,,,,,,,,,,,,,,,,
teaparty_smile/1,,,"Rabbit_leader,Body,0,-462,0,0,5,1,1,0",,,,,,,,,,,,,,,,,,,,,,,,,,,,,,,,,,,,,,,,,,,,,,,,,,,,,,,,,,,,,,,,,,,,,,,,,,,,,,,,,,,,,,,,,,,,,,,,,,,,,,,,,,,,,,,,,,,,
teaparty_smile/2,,,"Rabbit_leader,Body,0,-462,0,0,5,1,1,0",,,,,,,,,,,,,,,,,,,,,,,,,,,,,,,,,,,,,,,,,,,,,,,,,,,,,,,,,,,,,,,,,,,,,,,,,,,,,,,,,,,,,,,,,,,,,,,,,,,,,,,,,,,,,,,,,,,,
teaparty_smile/3,,,"Rabbit_leader,Body,0,-462,0,0,5,1,1,0",,,,,,,,,,,,,,,,,,,,,,,,,,,,,,,,,,,,,,,,,,,,,,,,,,,,,,,,,,,,,,,,,,,,,,,,,,,,,,,,,,,,,,,,,,,,,,,,,,,,,,,,,,,,,,,,,,,,
teaparty_smile/4,,,"Rabbit_leader,Body,0,-462,0,0,5,1,1,0",,,,,,,,,,,,,,,,,,,,,,,,,,,,,,,,,,,,,,,,,,,,,,,,,,,,,,,,,,,,,,,,,,,,,,,,,,,,,,,,,,,,,,,,,,,,,,,,,,,,,,,,,,,,,,,,,,,,
teaparty_smile/5,,,"Rabbit_leader,Body,0,-462,0,0,5,1,1,0",,,,,,,,,,,,,,,,,,,,,,,,,,,,,,,,,,,,,,,,,,,,,,,,,,,,,,,,,,,,,,,,,,,,,,,,,,,,,,,,,,,,,,,,,,,,,,,,,,,,,,,,,,,,,,,,,,,,
teaparty_smile/6,,,"Rabbit_leader,Body,0,-462,0,0,5,1,1,0",,,,,,,,,,,,,,,,,,,,,,,,,,,,,,,,,,,,,,,,,,,,,,,,,,,,,,,,,,,,,,,,,,,,,,,,,,,,,,,,,,,,,,,,,,,,,,,,,,,,,,,,,,,,,,,,,,,,
teaparty_smile/7,,,"Rabbit_leader,Body,0,-462,0,0,5,1,1,0",,,,,,,,,,,,,,,,,,,,,,,,,,,,,,,,,,,,,,,,,,,,,,,,,,,,,,,,,,,,,,,,,,,,,,,,,,,,,,,,,,,,,,,,,,,,,,,,,,,,,,,,,,,,,,,,,,,,
teaparty_teapop/0,,,"Rabbit_leader,Body,0,-462,0,0,5,1,1,0",,,,,,,,,,,,,,,,,,,,,,,,,,,,,,,,,,,,,,,,,,,,,,,,,,,,,,,,,,,,,,,,,,,,,,,,,,,,,,,,,,,,,,,,,,,,,,,,,,,,,,,,,,"Smoke Pop,Base,2,-414,0,0,0,1,1,0",,,,,,,,,,"Smoke Puff,1000,1"
teaparty_teapop/1,,,"Rabbit_leader,Body,0,-462,0,0,5,1,1,0",,,,,,,,,,,,,,,,,,,,,,,,,,,,,,,,,,,,,,,,,,,,,,,,,,,,,,,,,,,,,,,,,,,,,,,,,,,,,,,,,,,,,,,,,,,,,,,,,,,,,,,,,,"Smoke Pop,Base,220,-314,0,1,0,1,1,0",,,,,,,,,,
teaparty_teapop/2,,,"Rabbit_leader,Body,0,-462,0,0,5,1,1,0",,,,,,,,,,,,,,,,,,,,,,,,,,,,,,,,,,,,,,,,,,,,,,,,,,,,,,,,,,,,,,,,,,,,,,,,,,,,,,,,,,,,,,,,,,,,,,,,,,,,,,,,,,"Smoke Pop,Base,0,-432,-30,1,0,1,1,0",,,,,,,,,,
teaparty_teapop/3,,,"Rabbit_leader,Body,0,-462,0,0,5,1,1,0",,,,,,,,,,,,,,,,,,,,,,,,,,,,,,,,,,,,,,,,,,,,,,,,,,,,,,,,,,,,,,,,,,,,,,,,,,,,,,,,,,,,,,,,,,,,,,,,,,,,,,,,,,"Smoke Pop,Base,178,-372,30,0,0,1,1,0",,,,,,,,,,
teaparty_teapop/4,,,"Rabbit_leader,Body,0,-462,0,0,5,1,1,0",,,,,,,,,,,,,,,,,,,,,,,,,,,,,,,,,,,,,,,,,,,,,,,,,,,,,,,,,,,,,,,,,,,,,,,,,,,,,,,,,,,,,,,,,,,,,,,,,,,,,,,,,,"Smoke Pop,Base,88,-299,10,0,0,1,1,0",,,,,,,,,,
teaparty_teapop/5,,,"Rabbit_leader,Body,0,-462,0,0,5,1,1,0",,,,,,,,,,,,,,,,,,,,,,,,,,,,,,,,,,,,,,,,,,,,,,,,,,,,,,,,,,,,,,,,,,,,,,,,,,,,,,,,,,,,,,,,,,,,,,,,,,,,,,,,,,"Smoke Pop,Base,-42,-238,0,0,0,1,1,0",,,,,,,,,,
teaparty_teapop/6,,,"Rabbit_leader,Body,0,-462,0,0,5,1,1,0",,,,,,,,,,,,,,,,,,,,,,,,,,,,,,,,,,,,,,,,,,,,,,,,,,,,,,,,,,,,,,,,,,,,,,,,,,,,,,,,,,,,,,,,,,,,,,,,,,,,,,,,,,"Smoke Pop,Base,310,-70,20,0,0,1,1,0",,,,,,,,,,
teaparty_teapop/7,,,"Rabbit_leader,Body,0,-462,0,0,5,1,1,0",,,,,,,,,,,,,,,,,,,,,,,,,,,,,,,,,,,,,,,,,,,,,,,,,,,,,,,,,,,,,,,,,,,,,,,,,,,,,,,,,,,,,,,,,,,,,,,,,,,,,,,,,,,,,,,,,,,,
teaparty_teapop/8,,,"Rabbit_leader,Body,0,-462,0,0,5,1,1,0",,,,,,,,,,,,,,,,,,,,,,,,,,,,,,,,,,,,,,,,,,,,,,,,,,,,,,,,,,,,,,,,,,,,,,,,,,,,,,,,,,,,,,,,,,,,,,,,,,,,,,,,,,,,,,,,,,,,
teaparty_teapop/9,,,"Rabbit_leader,Body,0,-462,0,0,5,1,1,0",,,,,,,,,,,,,,,,,,,,,,,,,,,,,,,,,,,,,,,,,,,,,,,,,,,,,,,,,,,,,,,,,,,,,,,,,,,,,,,,,,,,,,,,,,,,,,,,,,,,,,,,,,,,,,,,,,,,
teaparty_teapop/10,,,"Rabbit_leader,Body,0,-462,0,0,5,1,1,0",,,,,,,,,,,,,,,,,,,,,,,,,,,,,,,,,,,,,,,,,,,,,,,,,,,,,,,,,,,,,,,,,,,,,,,,,,,,,,,,,,,,,,,,,,,,,,,,,,,,,,,,,,,,,,,,,,,,
teaparty_teapop/11,,,"Rabbit_leader,Body,0,-462,0,0,5,1,1,0",,,,,,,,,,,,,,,,,,,,,,,,,,,,,,,,,,,,,,,,,,,,,,,,,,,,,,,,,,,,,,,,,,,,,,,,,,,,,,,,,,,,,,,,,,,,,,,,,,,,,,,,,,,,,,,,,,,,
teaparty_teaclink_prepare/0,,,"Rabbit_leader,Body,0,-462,0,0,5,1,1,0",,,,,,,,,,,,,,,,,,,,,,,,,,,,,,,,,,,,,,,,,,,,,,,,,,,,,,,,,,,,,,,,,,,,,,,,,,,,,,,,,,,,,,,,,,,,,,,,,,,,,,,,,,,,,,,,,,,,
teaparty_teaclink_prepare/1,,,"Rabbit_leader,Body,0,-462,0,0,5,1,1,0",,,,,,,,,,,,,,,,,,,,,,,,,,,,,,,,,,,,,,,,,,,,,,,,,,,,,,,,,,,,,,,,,,,,,,,,,,,,,,,,,,,,,,,,,,,,,,,,,,,,,,,,,,,,,,,,,,,,
teaparty_teaclink_prepare/2,,,"Rabbit_leader,Body,0,-462,0,0,5,1,1,0",,,,,,,,,,,,,,,,,,,,,,,,,,,,,,,,,,,,,,,,,,,,,,,,,,,,,,,,,,,,,,,,,,,,,,,,,,,,,,,,,,,,,,,,,,,,,,,,,,,,,,,,,,,,,,,,,,,,
teaparty_teaclink_prepare/3,,,"Rabbit_leader,Body,0,-462,0,0,5,1,1,0",,,,,,,,,,,,,,,,,,,,,,,,,,,,,,,,,,,,,,,,,,,,,,,,,,,,,,,,,,,,,,,,,,,,,,,,,,,,,,,,,,,,,,,,,,,,,,,,,,,,,,,,,,,,,,,,,,,,
teaparty_teaclink_prepare/4,,,"Rabbit_leader,Body,0,-462,0,0,5,1,1,0",,,,,,,,,,,,,,,,,,,,,,,,,,,,,,,,,,,,,,,,,,,,,,,,,,,,,,,,,,,,,,,,,,,,,,,,,,,,,,,,,,,,,,,,,,,,,,,,,,,,,,,,,,,,,,,,,,,,
teaparty_teaclink_prepare/5,,,"Rabbit_leader,Body,0,-462,0,0,5,1,1,0",,,,,,,,,,,,,,,,,,,,,,,,,,,,,,,,,,,,,,,,,,,,,,,,,,,,,,,,,,,,,,,,,,,,,,,,,,,,,,,,,,,,,,,,,,,,,,,,,,,,,,,,,,,,,,,,,,hold,,
teaparty_teaclink/0,,,"Rabbit_leader,Body,0,-462,0,0,5,1,1,0",,,,,,,,,,,,,,,,,,,,,,,,,,,,,,,,,,,,,,,,,,,,,,,,,,,,,,,,,,,,,,,,,,,,,,,,,,,,,,,,,,,,,,,,,,,,,,,,,,,,,,,,,,,,,,,,,,,,
teaparty_teaclink/1,,,"Rabbit_leader,Body,0,-462,0,0,5,1,1,0",,,,,,,,,,,,,,,,,,,,,,,,,,,,,,,,,,,,,,,,,,,,,,,,,,,,,,,,,,,,,,,,,,,,,,,,,,,,,,,,,,,,,,,,,,,,,,,,,,,,,,,,,,,,,,,,,,,,
teaparty_teaclink/2,,,"Rabbit_leader,Body,0,-462,0,0,5,1,1,0",,,,,,,,,,,,,,,,,,,,,,,,,,,,,,,,,,,,,,,,,,,,,,,,,,,,,,,,,,,,,,,,,,,,,,,,,,,,,,,,,,,,,,,,,,,,,,,,,,,,,,,,,,,,,,,,,,play_time_mod_0.6,,
teaparty_teaclink/3,,,"Rabbit_leader,Body,0,-462,0,0,5,1,1,0",,,,,,,,,,,,,,,,,,,,,,,,,,,,,,,,,,,,,,,,,,,,,,,,,,,,,,,,,,,,,,,,,,,,,,,,,,,,,,,,,,,,,,,,,,,,,,,,,,,,,,,,,,,,,,,,,,play_time_mod_0.6,,"Clink,1000,1"
teaparty_teaclink/4,,,"Rabbit_leader,Body,0,-462,0,0,5,1,1,0",,,,,,,,,,,,,,,,,,,,,,,,,,,,,,,,,,,,,,,,,,,,,,,,,,,,,,,,,,,,,,,,,,,,,,,,,,,,,,,,,,,,,,,,,,,,,,,,,,,,,,,,,,,,,,,,,,hold,,
teaparty_teaclink_end/0,,,"Rabbit_leader,Body,0,-462,0,0,5,1,1,0",,,,,,,,,,,,,,,,,,,,,,,,,,,,,,,,,,,,,,,,,,,,,,,,,,,,,,,,,,,,,,,,,,,,,,,,,,,,,,,,,,,,,,,,,,,,,,,,,,,,,,,,,,,,,,,,,,,,
teaparty_teaclink_end/1,,,"Rabbit_leader,Body,0,-462,0,0,5,1,1,0",,,,,,,,,,,,,,,,,,,,,,,,,,,,,,,,,,,,,,,,,,,,,,,,,,,,,,,,,,,,,,,,,,,,,,,,,,,,,,,,,,,,,,,,,,,,,,,,,,,,,,,,,,,,,,,,,,,,
teaparty_teaclink_end/2,,,"Rabbit_leader,Body,0,-462,0,0,5,1,1,0",,,,,,,,,,,,,,,,,,,,,,,,,,,,,,,,,,,,,,,,,,,,,,,,,,,,,,,,,,,,,,,,,,,,,,,,,,,,,,,,,,,,,,,,,,,,,,,,,,,,,,,,,,,,,,,,,,,,
teaparty_teaclink_end/3,,,"Rabbit_leader,Body,0,-462,0,0,5,1,1,0",,,,,,,,,,,,,,,,,,,,,,,,,,,,,,,,,,,,,,,,,,,,,,,,,,,,,,,,,,,,,,,,,,,,,,,,,,,,,,,,,,,,,,,,,,,,,,,,,,,,,,,,,,,,,,,,,,,,
teaparty_teaclink_end/4,,,"Rabbit_leader,Body,0,-462,0,0,5,1,1,0",,,,,,,,,,,,,,,,,,,,,,,,,,,,,,,,,,,,,,,,,,,,,,,,,,,,,,,,,,,,,,,,,,,,,,,,,,,,,,,,,,,,,,,,,,,,,,,,,,,,,,,,,,,,,,,,,,,,
teaparty_teaclink_end/5,,,"Rabbit_leader,Body,0,-462,0,0,5,1,1,0",,,,,,,,,,,,,,,,,,,,,,,,,,,,,,,,,,,,,,,,,,,,,,,,,,,,,,,,,,,,,,,,,,,,,,,,,,,,,,,,,,,,,,,,,,,,,,,,,,,,,,,,,,,,,,,,,,,,
teaparty_teaclink_end/6,,,"Rabbit_leader,Body,0,-462,0,0,5,1,1,0",,,,,,,,,,,,,,,,,,,,,,,,,,,,,,,,,,,,,,,,,,,,,,,,,,,,,,,,,,,,,,,,,,,,,,,,,,,,,,,,,,,,,,,,,,,,,,,,,,,,,,,,,,,,,,,,,,,,
teaparty_sittea_drink/0,,,"Rabbit_leader,Body,0,-462,0,0,5,1,1,0",,,,,,,,,,,,,,,,,,,,,,,,,,,,,,,,,,,,,,,,,,,,,,,,,,,,,,,,,,,,,,,,,,,,,,,,,,,,,,,,,,,,,,,,,,,,,,,,,,,,,,,,,,,,,,,,,,,,
teaparty_sittea_drink/1,,,"Rabbit_leader,Body,0,-462,0,0,5,1,1,0",,,,,,,,,,,,,,,,,,,,,,,,,,,,,,,,,,,,,,,,,,,,,,,,,,,,,,,,,,,,,,,,,,,,,,,,,,,,,,,,,,,,,,,,,,,,,,,,,,,,,,,,,,,,,,,,,,,,
teaparty_sittea_drink/2,,,"Rabbit_leader,Body,0,-462,0,0,5,1,1,0",,,,,,,,,,,,,,,,,,,,,,,,,,,,,,,,,,,,,,,,,,,,,,,,,,,,,,,,,,,,,,,,,,,,,,,,,,,,,,,,,,,,,,,,,,,,,,,,,,,,,,,,,,,,,,,,,,,,
teaparty_sittea_drink/3,,,"Rabbit_leader,Body,0,-462,0,0,5,1,1,0",,,,,,,,,,,,,,,,,,,,,,,,,,,,,,,,,,,,,,,,,,,,,,,,,,,,,,,,,,,,,,,,,,,,,,,,,,,,,,,,,,,,,,,,,,,,,,,,,,,,,,,,,,,,,,,,,,,,
teaparty_sittea_drink/4,,,"Rabbit_leader,Body,0,-462,0,0,5,1,1,0",,,,,,,,,,,,,,,,,,,,,,,,,,,,,,,,,,,,,,,,,,,,,,,,,,,,,,,,,,,,,,,,,,,,,,,,,,,,,,,,,,,,,,,,,,,,,,,,,,,,,,,,,,,,,,,,,,,,
teaparty_sittea_drink/5,,,"Rabbit_leader,Body,0,-462,0,0,5,1,1,0",,,,,,,,,,,,,,,,,,,,,,,,,,,,,,,,,,,,,,,,,,,,,,,,,,,,,,,,,,,,,,,,,,,,,,,,,,,,,,,,,,,,,,,,,,,,,,,,,,,,,,,,,,,,,,,,,,,,
teaparty_sittea_drink/6,,,"Rabbit_leader,Body,0,-462,0,0,5,1,1,0",,,,,,,,,,,,,,,,,,,,,,,,,,,,,,,,,,,,,,,,,,,,,,,,,,,,,,,,,,,,,,,,,,,,,,,,,,,,,,,,,,,,,,,,,,,,,,,,,,,,,,,,,,,,,,,,,,,,
teaparty_sittea_drink/7,,,"Rabbit_leader,Body,0,-462,0,0,5,1,1,0",,,,,,,,,,,,,,,,,,,,,,,,,,,,,,,,,,,,,,,,,,,,,,,,,,,,,,,,,,,,,,,,,,,,,,,,,,,,,,,,,,,,,,,,,,,,,,,,,,,,,,,,,,,,,,,,,,,,
teaparty_sittea_drink/8,,,"Rabbit_leader,Body,0,-462,0,0,5,1,1,0",,,,,,,,,,,,,,,,,,,,,,,,,,,,,,,,,,,,,,,,,,,,,,,,,,,,,,,,,,,,,,,,,,,,,,,,,,,,,,,,,,,,,,,,,,,,,,,,,,,,,,,,,,,,,,,,,,,,
teaparty_sittea_drink/9,,,"Rabbit_leader,Body,0,-462,0,0,5,1,1,0",,,,,,,,,,,,,,,,,,,,,,,,,,,,,,,,,,,,,,,,,,,,,,,,,,,,,,,,,,,,,,,,,,,,,,,,,,,,,,,,,,,,,,,,,,,,,,,,,,,,,,,,,,,,,,,,,,play_time_mod_1.5,,
teaparty_sittea_drink/10,,,"Rabbit_leader,Body,0,-462,0,0,5,1,1,0",,,,,,,,,,,,,,,,,,,,,,,,,,,,,,,,,,,,,,,,,,,,,,,,,,,,,,,,,,,,,,,,,,,,,,,,,,,,,,,,,,,,,,,,,,,,,,,,,,,,,,,,,,,,,,,,,,hold,,
teaparty_greet/0,,,"Rabbit_leader,Body,0,-462,0,0,5,1,1,0",,,,,,,,,,,,,,,,,,,,,,,,,,,,,,,,,,,,,,,,,,,,,,,,,,,,,,,,,,,,,,,,,,,,,,,,,,,,,,,,,,,,,,,,,,,,,,,,,,,,,,,,,,"Movement,Swirl,3,-260.5,0,0,0,1,1,0",,,,,,,,,,
teaparty_greet/1,,,"Rabbit_leader,Body,0,-462,0,0,5,1,1,0",,,,,,,,,,,,,,,,,,,,,,,,,,,,,,,,,,,,,,,,,,,,,,,,,,,,,,,,,,,,,,,,,,,,,,,,,,,,,,,,,,,,,,,,,,,,,,,,,,,,,,,,,,,,,,,,,,,,
teaparty_greet/2,,,"Rabbit_leader,Body,0,-462,0,0,5,1,1,0",,,,,,,,,,,,,,,,,,,,,,,,,,,,,,,,,,,,,,,,,,,,,,,,,,,,,,,,,,,,,,,,,,,,,,,,,,,,,,,,,,,,,,,,,,,,,,,,,,,,,,,,,,,,,,,,,,,,
teaparty_greet/3,,,"Rabbit_leader,Body,0,-462,0,0,5,1,1,0",,,,,,,,,,,,,,,,,,,,,,,,,,,,,,,,,,,,,,,,,,,,,,,,,,,,,,,,,,,,,,,,,,,,,,,,,,,,,,,,,,,,,,,,,,,,,,,,,,,,,,,,,,,,,,,,,,,,
teaparty_greet/4,,,"Rabbit_leader,Body,0,-462,0,0,5,1,1,0",,,,,,,,,,,,,,,,,,,,,,,,,,,,,,,,,,,,,,,,,,,,,,,,,,,,,,,,,,,,,,,,,,,,,,,,,,,,,,,,,,,,,,,,,,,,,,,,,,,,,,,,,,,,,,,,,,,,
teaparty_greet/5,,,"Rabbit_leader,Body,0,-462,0,0,5,1,1,0",,,,,,,,,,,,,,,,,,,,,,,,,,,,,,,,,,,,,,,,,,,,,,,,,,,,,,,,,,,,,,,,,,,,,,,,,,,,,,,,,,,,,,,,,,,,,,,,,,,,,,,,,,,,,,,,,,,,
teaparty_greet/6,,,"Rabbit_leader,Body,0,-462,0,0,5,1,1,0",,,,,,,,,,,,,,,,,,,,,,,,,,,,,,,,,,,,,,,,,,,,,,,,,,,,,,,,,,,,,,,,,,,,,,,,,,,,,,,,,,,,,,,,,,,,,,,,,,,,,,,,,,,,,,,,,,,,
teaparty_greet/7,,,"Rabbit_leader,Body,0,-462,0,0,5,1,1,0",,,,,,,,,,,,,,,,,,,,,,,,,,,,,,,,,,,,,,,,,,,,,,,,,,,,,,,,,,,,,,,,,,,,,,,,,,,,,,,,,,,,,,,,,,,,,,,,,,,,,,,,,,,,,,,,,,,,
teaparty_greet/8,,,"Rabbit_leader,Body,0,-462,0,0,5,1,1,0",,,,,,,,,,,,,,,,,,,,,,,,,,,,,,,,,,,,,,,,,,,,,,,,,,,,,,,,,,,,,,,,,,,,,,,,,,,,,,,,,,,,,,,,,,,,,,,,,,,,,,,,,,,,,,,,,,,,
teaparty_greet/9,,,"Rabbit_leader,Body,0,-462,0,0,5,1,1,0",,,,,,,,,,,,,,,,,,,,,,,,,,,,,,,,,,,,,,,,,,,,,,,,,,,,,,,,,,,,,,,,,,,,,,,,,,,,,,,,,,,,,,,,,,,,,,,,,,,,,,,,,,,,,,,,,,,,
teaparty_greet/10,,,"Rabbit_leader,Body,0,-462,0,0,5,1,1,0",,,,,,,,,,,,,,,,,,,,,,,,,,,,,,,,,,,,,,,,,,,,,,,,,,,,,,,,,,,,,,,,,,,,,,,,,,,,,,,,,,,,,,,,,,,,,,,,,,,,,,,,,,,,,,,,,,,,
teaparty_greet/11,,,"Rabbit_leader,Body,0,-462,0,0,5,1,1,0",,,,,,,,,,,,,,,,,,,,,,,,,,,,,,,,,,,,,,,,,,,,,,,,,,,,,,,,,,,,,,,,,,,,,,,,,,,,,,,,,,,,,,,,,,,,,,,,,,,,,,,,,,,,,,,,,,,,
teaparty_greet/12,,,"Rabbit_leader,Body,0,-462,0,0,5,1,1,0",,,,,,,,,,,,,,,,,,,,,,,,,,,,,,,,,,,,,,,,,,,,,,,,,,,,,,,,,,,,,,,,,,,,,,,,,,,,,,,,,,,,,,,,,,,,,,,,,,,,,,,,,,,,,,,,,,,,
teaparty_faceback/0,,,"Rabbit_leader,Body,0,-462,0,0,5,1,1,0",,,,,,,,,,,,,,,,,,,,,,,,,,,,,,,,,,,,,,,,,,,,,,,,,,,,,,,,,,,,,,,,,,,,,,,,,,,,,,,,,,,,,,,,,,,,,,,,,,,,,,,,,,"Movement,Swirl,-7,-260.5,0,0,0,1,1,0",,,,,,,,,,
teaparty_faceback/1,,,"Rabbit_leader,Body,0,-462,0,0,5,1,1,0",,,,,,,,,,,,,,,,,,,,,,,,,,,,,,,,,,,,,,,,,,,,,,,,,,,,,,,,,,,,,,,,,,,,,,,,,,,,,,,,,,,,,,,,,,,,,,,,,,,,,,,,,,,,,,,,,,,,
teaparty_faceback/2,,,"Rabbit_leader,Body,0,-462,0,0,5,1,1,0",,,,,,,,,,,,,,,,,,,,,,,,,,,,,,,,,,,,,,,,,,,,,,,,,,,,,,,,,,,,,,,,,,,,,,,,,,,,,,,,,,,,,,,,,,,,,,,,,,,,,,,,,,,,,,,,,,,,
teaparty_faceback/3,,,"Rabbit_leader,Body,0,-462,0,0,5,1,1,0",,,,,,,,,,,,,,,,,,,,,,,,,,,,,,,,,,,,,,,,,,,,,,,,,,,,,,,,,,,,,,,,,,,,,,,,,,,,,,,,,,,,,,,,,,,,,,,,,,,,,,,,,,,,,,,,,,,,
teaparty_sittea_drinkend/0,,,"Rabbit_leader,Body,0,-462,0,0,5,1,1,0",,,,,,,,,,,,,,,,,,,,,,,,,,,,,,,,,,,,,,,,,,,,,,,,,,,,,,,,,,,,,,,,,,,,,,,,,,,,,,,,,,,,,,,,,,,,,,,,,,,,,,,,,,,,,,,,,,,,
teaparty_sittea_drinkend/1,,,"Rabbit_leader,Body,0,-462,0,0,5,1,1,0",,,,,,,,,,,,,,,,,,,,,,,,,,,,,,,,,,,,,,,,,,,,,,,,,,,,,,,,,,,,,,,,,,,,,,,,,,,,,,,,,,,,,,,,,,,,,,,,,,,,,,,,,,,,,,,,,,,,
teaparty_sittea_drinkend/2,,,"Rabbit_leader,Body,0,-462,0,0,5,1,1,0",,,,,,,,,,,,,,,,,,,,,,,,,,,,,,,,,,,,,,,,,,,,,,,,,,,,,,,,,,,,,,,,,,,,,,,,,,,,,,,,,,,,,,,,,,,,,,,,,,,,,,,,,,,,,,,,,,,,
teaparty_sittea_drinkend/3,,,"Rabbit_leader,Body,0,-462,0,0,5,1,1,0",,,,,,,,,,,,,,,,,,,,,,,,,,,,,,,,,,,,,,,,,,,,,,,,,,,,,,,,,,,,,,,,,,,,,,,,,,,,,,,,,,,,,,,,,,,,,,,,,,,,,,,,,,,,,,,,,,,,
teaparty_sittea_drinkend/4,,,"Rabbit_leader,Body,0,-462,0,0,5,1,1,0",,,,,,,,,,,,,,,,,,,,,,,,,,,,,,,,,,,,,,,,,,,,,,,,,,,,,,,,,,,,,,,,,,,,,,,,,,,,,,,,,,,,,,,,,,,,,,,,,,,,,,,,,,,,,,,,,,,,
teaparty_sittea_drinkend/5,,,"Rabbit_leader,Body,0,-462,0,0,5,1,1,0",,,,,,,,,,,,,,,,,,,,,,,,,,,,,,,,,,,,,,,,,,,,,,,,,,,,,,,,,,,,,,,,,,,,,,,,,,,,,,,,,,,,,,,,,,,,,,,,,,,,,,,,,,,,,,,,,,play_time_mod_1.5,,
teaparty_sittea_drinkend/6,,,"Rabbit_leader,Body,0,-462,0,0,5,1,1,0",,,,,,,,,,,,,,,,,,,,,,,,,,,,,,,,,,,,,,,,,,,,,,,,,,,,,,,,,,,,,,,,,,,,,,,,,,,,,,,,,,,,,,,,,,,,,,,,,,,,,,,,,,,,,,,,,,play_time_mod_0.7,,
teaparty_sittea_drinkend/7,,,"Rabbit_leader,Body,0,-462,0,0,5,1,1,0",,,,,,,,,,,,,,,,,,,,,,,,,,,,,,,,,,,,,,,,,,,,,,,,,,,,,,,,,,,,,,,,,,,,,,,,,,,,,,,,,,,,,,,,,,,,,,,,,,,,,,,,,,,,,,,,,,,,
teaparty_sittea_drinkend/8,,,"Rabbit_leader,Body,0,-462,0,0,5,1,1,0",,,,,,,,,,,,,,,,,,,,,,,,,,,,,,,,,,,,,,,,,,,,,,,,,,,,,,,,,,,,,,,,,,,,,,,,,,,,,,,,,,,,,,,,,,,,,,,,,,,,,,,,,,,,,,,,,,,,"Clink_small,1000,0"
teaparty_sittea_drinkend/9,,,"Rabbit_leader,Body,0,-462,0,0,5,1,1,0",,,,,,,,,,,,,,,,,,,,,,,,,,,,,,,,,,,,,,,,,,,,,,,,,,,,,,,,,,,,,,,,,,,,,,,,,,,,,,,,,,,,,,,,,,,,,,,,,,,,,,,,,,,,,,,,,,,,
teaparty_sittea_drinkend/10,,,"Rabbit_leader,Body,0,-462,0,0,5,1,1,0",,,,,,,,,,,,,,,,,,,,,,,,,,,,,,,,,,,,,,,,,,,,,,,,,,,,,,,,,,,,,,,,,,,,,,,,,,,,,,,,,,,,,,,,,,,,,,,,,,,,,,,,,,,,,,,,,,,,
teaparty_meep/0,,,"Rabbit_leader,Body,0,-462,0,0,5,1,1,0",,,,,,,,,,,,,,,,,,,,,,,,,,,,,,,,,,,,,,,,,,,,,,,,,,,,,,,,,,,,,,,,,,,,,,,,,,,,,,,,,,,,,,,,,,,,,,,,,,,,,,,,,,,,,,,,,,,,
teaparty_meep/1,,,"Rabbit_leader,Body,0,-462,0,0,5,1,1,0",,,,,,,,,,,,,,,,,,,,,,,,,,,,,,,,,,,,,,,,,,,,,,,,,,,,,,,,,,,,,,,,,,,,,,,,,,,,,,,,,,,,,,,,,,,,,,,,,,,,,,,,,,,,,,,,,,,,
teaparty_meep/2,,,"Rabbit_leader,Body,0,-462,0,0,5,1,1,0",,,,,,,,,,,,,,,,,,,,,,,,,,,,,,,,,,,,,,,,,,,,,,,,,,,,,,,,,,,,,,,,,,,,,,,,,,,,,,,,,,,,,,,,,,,,,,,,,,,,,,,,,,,,,,,,,,,,
teaparty_meep/3,,,"Rabbit_leader,Body,0,-462,0,0,5,1,1,0",,,,,,,,,,,,,,,,,,,,,,,,,,,,,,,,,,,,,,,,,,,,,,,,,,,,,,,,,,,,,,,,,,,,,,,,,,,,,,,,,,,,,,,,,,,,,,,,,,,,,,,,,,,,,,,,,,,,
teaparty_meep/4,,,"Rabbit_leader,Body,0,-462,0,0,5,1,1,0",,,,,,,,,,,,,,,,,,,,,,,,,,,,,,,,,,,,,,,,,,,,,,,,,,,,,,,,,,,,,,,,,,,,,,,,,,,,,,,,,,,,,,,,,,,,,,,,,,,,,,,,,,,,,,,,,,hold,,
teaparty_idle/0,,,"Rabbit_leader,Body,0,-462,0,0,5,1,1,0",,,,,,,,,,,,,,,,,,,,,,,,,,,,,,,,,,,,,,,,,,,,,,,,,,,,,,,,,,,,,,,,,,,,,,,,,,,,,,,,,,,,,,,,,,,,,,,,,,,,,,,,,,,,,,,,,,play_time_mod_2,,
teaparty_idle/1,,,"Rabbit_leader,Body,0,-462,0,0,5,1,1,0",,,,,,,,,,,,,,,,,,,,,,,,,,,,,,,,,,,,,,,,,,,,,,,,,,,,,,,,,,,,,,,,,,,,,,,,,,,,,,,,,,,,,,,,,,,,,,,,,,,,,,,,,,,,,,,,,,,,
teaparty_idle/2,,,"Rabbit_leader,Body,0,-462,0,0,5,1,1,0",,,,,,,,,,,,,,,,,,,,,,,,,,,,,,,,,,,,,,,,,,,,,,,,,,,,,,,,,,,,,,,,,,,,,,,,,,,,,,,,,,,,,,,,,,,,,,,,,,,,,,,,,,,,,,,,,,play_time_mod_1.5,,
teaparty_idle/3,,,"Rabbit_leader,Body,0,-462,0,0,5,1,1,0",,,,,,,,,,,,,,,,,,,,,,,,,,,,,,,,,,,,,,,,,,,,,,,,,,,,,,,,,,,,,,,,,,,,,,,,,,,,,,,,,,,,,,,,,,,,,,,,,,,,,,,,,,,,,,,,,,play_time_mod_1.4,,
teaparty_idle/4,,,"Rabbit_leader,Body,0,-462,0,0,5,1,1,0",,,,,,,,,,,,,,,,,,,,,,,,,,,,,,,,,,,,,,,,,,,,,,,,,,,,,,,,,,,,,,,,,,,,,,,,,,,,,,,,,,,,,,,,,,,,,,,,,,,,,,,,,,,,,,,,,,play_time_mod_2.5,,
teaparty_idle/5,,,"Rabbit_leader,Body,0,-462,0,0,5,1,1,0",,,,,,,,,,,,,,,,,,,,,,,,,,,,,,,,,,,,,,,,,,,,,,,,,,,,,,,,,,,,,,,,,,,,,,,,,,,,,,,,,,,,,,,,,,,,,,,,,,,,,,,,,,,,,,,,,,play_time_mod_1.4,,
teaparty_idle/6,,,"Rabbit_leader,Body,0,-462,0,0,5,1,1,0",,,,,,,,,,,,,,,,,,,,,,,,,,,,,,,,,,,,,,,,,,,,,,,,,,,,,,,,,,,,,,,,,,,,,,,,,,,,,,,,,,,,,,,,,,,,,,,,,,,,,,,,,,,,,,,,,,,,
teaparty_idle/7,,,"Rabbit_leader,Body,0,-462,0,0,5,1,1,0",,,,,,,,,,,,,,,,,,,,,,,,,,,,,,,,,,,,,,,,,,,,,,,,,,,,,,,,,,,,,,,,,,,,,,,,,,,,,,,,,,,,,,,,,,,,,,,,,,,,,,,,,,,,,,,,,,,,
teaparty_idle2/0,,,"Rabbit_leader,Body,0,-462,0,0,5,1,1,0",,,,,,,,,,,,,,,,,,,,,,,,,,,,,,,,,,,,,,,,,,,,,,,,,,,,,,,,,,,,,,,,,,,,,,,,,,,,,,,,,,,,,,,,,,,,,,,,,,,,,,,,,,,,,,,,,,play_time_mod_2,,
teaparty_idle2/1,,,"Rabbit_leader,Body,0,-462,0,0,5,1,1,0",,,,,,,,,,,,,,,,,,,,,,,,,,,,,,,,,,,,,,,,,,,,,,,,,,,,,,,,,,,,,,,,,,,,,,,,,,,,,,,,,,,,,,,,,,,,,,,,,,,,,,,,,,,,,,,,,,,,
teaparty_idle2/2,,,"Rabbit_leader,Body,0,-462,0,0,5,1,1,0",,,,,,,,,,,,,,,,,,,,,,,,,,,,,,,,,,,,,,,,,,,,,,,,,,,,,,,,,,,,,,,,,,,,,,,,,,,,,,,,,,,,,,,,,,,,,,,,,,,,,,,,,,,,,,,,,,play_time_mod_1.5,,
teaparty_idle2/3,,,"Rabbit_leader,Body,0,-462,0,0,5,1,1,0",,,,,,,,,,,,,,,,,,,,,,,,,,,,,,,,,,,,,,,,,,,,,,,,,,,,,,,,,,,,,,,,,,,,,,,,,,,,,,,,,,,,,,,,,,,,,,,,,,,,,,,,,,,,,,,,,,play_time_mod_1.4,,
teaparty_idle2/4,,,"Rabbit_leader,Body,0,-462,0,0,5,1,1,0",,,,,,,,,,,,,,,,,,,,,,,,,,,,,,,,,,,,,,,,,,,,,,,,,,,,,,,,,,,,,,,,,,,,,,,,,,,,,,,,,,,,,,,,,,,,,,,,,,,,,,,,,,,,,,,,,,play_time_mod_2.5,,
teaparty_idle2/5,,,"Rabbit_leader,Body,0,-462,0,0,5,1,1,0",,,,,,,,,,,,,,,,,,,,,,,,,,,,,,,,,,,,,,,,,,,,,,,,,,,,,,,,,,,,,,,,,,,,,,,,,,,,,,,,,,,,,,,,,,,,,,,,,,,,,,,,,,,,,,,,,,play_time_mod_1.4,,
teaparty_idle2/6,,,"Rabbit_leader,Body,0,-462,0,0,5,1,1,0",,,,,,,,,,,,,,,,,,,,,,,,,,,,,,,,,,,,,,,,,,,,,,,,,,,,,,,,,,,,,,,,,,,,,,,,,,,,,,,,,,,,,,,,,,,,,,,,,,,,,,,,,,,,,,,,,,,,
teaparty_idle2/7,,,"Rabbit_leader,Body,0,-462,0,0,5,1,1,0",,,,,,,,,,,,,,,,,,,,,,,,,,,,,,,,,,,,,,,,,,,,,,,,,,,,,,,,,,,,,,,,,,,,,,,,,,,,,,,,,,,,,,,,,,,,,,,,,,,,,,,,,,,,,,,,,,,,
teaparty_idle3/0,,,"Rabbit_leader,Body,0,-462,0,0,5,1,1,0",,,,,,,,,,,,,,,,,,,,,,,,,,,,,,,,,,,,,,,,,,,,,,,,,,,,,,,,,,,,,,,,,,,,,,,,,,,,,,,,,,,,,,,,,,,,,,,,,,,,,,,,,,,,,,,,,,play_time_mod_2,,
teaparty_idle3/1,,,"Rabbit_leader,Body,0,-462,0,0,5,1,1,0",,,,,,,,,,,,,,,,,,,,,,,,,,,,,,,,,,,,,,,,,,,,,,,,,,,,,,,,,,,,,,,,,,,,,,,,,,,,,,,,,,,,,,,,,,,,,,,,,,,,,,,,,,,,,,,,,,,,
teaparty_idle3/2,,,"Rabbit_leader,Body,0,-462,0,0,5,1,1,0",,,,,,,,,,,,,,,,,,,,,,,,,,,,,,,,,,,,,,,,,,,,,,,,,,,,,,,,,,,,,,,,,,,,,,,,,,,,,,,,,,,,,,,,,,,,,,,,,,,,,,,,,,,,,,,,,,play_time_mod_1.5,,
teaparty_idle3/3,,,"Rabbit_leader,Body,0,-462,0,0,5,1,1,0",,,,,,,,,,,,,,,,,,,,,,,,,,,,,,,,,,,,,,,,,,,,,,,,,,,,,,,,,,,,,,,,,,,,,,,,,,,,,,,,,,,,,,,,,,,,,,,,,,,,,,,,,,,,,,,,,,play_time_mod_1.4,,
teaparty_idle3/4,,,"Rabbit_leader,Body,0,-462,0,0,5,1,1,0",,,,,,,,,,,,,,,,,,,,,,,,,,,,,,,,,,,,,,,,,,,,,,,,,,,,,,,,,,,,,,,,,,,,,,,,,,,,,,,,,,,,,,,,,,,,,,,,,,,,,,,,,,,,,,,,,,play_time_mod_2.5,,
teaparty_idle3/5,,,"Rabbit_leader,Body,0,-462,0,0,5,1,1,0",,,,,,,,,,,,,,,,,,,,,,,,,,,,,,,,,,,,,,,,,,,,,,,,,,,,,,,,,,,,,,,,,,,,,,,,,,,,,,,,,,,,,,,,,,,,,,,,,,,,,,,,,,,,,,,,,,play_time_mod_1.4,,
teaparty_idle3/6,,,"Rabbit_leader,Body,0,-462,0,0,5,1,1,0",,,,,,,,,,,,,,,,,,,,,,,,,,,,,,,,,,,,,,,,,,,,,,,,,,,,,,,,,,,,,,,,,,,,,,,,,,,,,,,,,,,,,,,,,,,,,,,,,,,,,,,,,,,,,,,,,,,,
teaparty_idle3/7,,,"Rabbit_leader,Body,0,-462,0,0,5,1,1,0",,,,,,,,,,,,,,,,,,,,,,,,,,,,,,,,,,,,,,,,,,,,,,,,,,,,,,,,,,,,,,,,,,,,,,,,,,,,,,,,,,,,,,,,,,,,,,,,,,,,,,,,,,,,,,,,,,,,
teaparty_idle4/0,,,"Rabbit_leader,Body,0,-462,0,0,5,1,1,0",,,,,,,,,,,,,,,,,,,,,,,,,,,,,,,,,,,,,,,,,,,,,,,,,,,,,,,,,,,,,,,,,,,,,,,,,,,,,,,,,,,,,,,,,,,,,,,,,,,,,,,,,,,,,,,,,,play_time_mod_2,,
teaparty_idle4/1,,,"Rabbit_leader,Body,0,-462,0,0,5,1,1,0",,,,,,,,,,,,,,,,,,,,,,,,,,,,,,,,,,,,,,,,,,,,,,,,,,,,,,,,,,,,,,,,,,,,,,,,,,,,,,,,,,,,,,,,,,,,,,,,,,,,,,,,,,,,,,,,,,,,
teaparty_idle4/2,,,"Rabbit_leader,Body,0,-462,0,0,5,1,1,0",,,,,,,,,,,,,,,,,,,,,,,,,,,,,,,,,,,,,,,,,,,,,,,,,,,,,,,,,,,,,,,,,,,,,,,,,,,,,,,,,,,,,,,,,,,,,,,,,,,,,,,,,,,,,,,,,,play_time_mod_1.5,,
teaparty_idle4/3,,,"Rabbit_leader,Body,0,-462,0,0,5,1,1,0",,,,,,,,,,,,,,,,,,,,,,,,,,,,,,,,,,,,,,,,,,,,,,,,,,,,,,,,,,,,,,,,,,,,,,,,,,,,,,,,,,,,,,,,,,,,,,,,,,,,,,,,,,,,,,,,,,play_time_mod_1.4,,
teaparty_idle4/4,,,"Rabbit_leader,Body,0,-462,0,0,5,1,1,0",,,,,,,,,,,,,,,,,,,,,,,,,,,,,,,,,,,,,,,,,,,,,,,,,,,,,,,,,,,,,,,,,,,,,,,,,,,,,,,,,,,,,,,,,,,,,,,,,,,,,,,,,,,,,,,,,,play_time_mod_2.5,,
teaparty_idle4/5,,,"Rabbit_leader,Body,0,-462,0,0,5,1,1,0",,,,,,,,,,,,,,,,,,,,,,,,,,,,,,,,,,,,,,,,,,,,,,,,,,,,,,,,,,,,,,,,,,,,,,,,,,,,,,,,,,,,,,,,,,,,,,,,,,,,,,,,,,,,,,,,,,play_time_mod_1.4,,
teaparty_idle4/6,,,"Rabbit_leader,Body,0,-462,0,0,5,1,1,0",,,,,,,,,,,,,,,,,,,,,,,,,,,,,,,,,,,,,,,,,,,,,,,,,,,,,,,,,,,,,,,,,,,,,,,,,,,,,,,,,,,,,,,,,,,,,,,,,,,,,,,,,,,,,,,,,,,,
teaparty_idle4/7,,,"Rabbit_leader,Body,0,-462,0,0,5,1,1,0",,,,,,,,,,,,,,,,,,,,,,,,,,,,,,,,,,,,,,,,,,,,,,,,,,,,,,,,,,,,,,,,,,,,,,,,,,,,,,,,,,,,,,,,,,,,,,,,,,,,,,,,,,,,,,,,,,,,
teaparty_breadpop/0,,,"Rabbit_leader,Body,0,-462,0,0,5,1,1,0",,,,,,,,,,,,,,,,,,,,,,,,,,,,,,,,,,,,,,,,,,,,,,,,,,,,,,,,,,,,,,,,,,,,,,,,,,,,,,,,,,,,,,,,,,,,,,,,,,,,,,,,,,"Smoke Pop,Base,73,-394,0,1,0,0.9,0.9,0",,,,,,,,,,
teaparty_breadpop/1,,,"Rabbit_leader,Body,0,-462,0,0,5,1,1,0",,,,,,,,,,,,,,,,,,,,,,,,,,,,,,,,,,,,,,,,,,,,,,,,,,,,,,,,,,,,,,,,,,,,,,,,,,,,,,,,,,,,,,,,,,,,,,,,,,,,,,,,,,,,,,,,,,,,
teaparty_breadpop/2,,,"Rabbit_leader,Body,0,-462,0,0,5,1,1,0",,,,,,,,,,,,,,,,,,,,,,,,,,,,,,,,,,,,,,,,,,,,,,,,,,,,,,,,,,,,,,,,,,,,,,,,,,,,,,,,,,,,,,,,,,,,,,,,,,,,,,,,,,,,,,,,,,,,
teaparty_breadpop/3,,,"Rabbit_leader,Body,0,-462,0,0,5,1,1,0",,,,,,,,,,,,,,,,,,,,,,,,,,,,,,,,,,,,,,,,,,,,,,,,,,,,,,,,,,,,,,,,,,,,,,,,,,,,,,,,,,,,,,,,,,,,,,,,,,,,,,,,,,,,,,,,,,,,
teaparty_breadpop/4,,,"Rabbit_leader,Body,0,-462,0,0,5,1,1,0",,,,,,,,,,,,,,,,,,,,,,,,,,,,,,,,,,,,,,,,,,,,,,,,,,,,,,,,,,,,,,,,,,,,,,,,,,,,,,,,,,,,,,,,,,,,,,,,,,,,,,,,,,,,,,,,,,,,
teaparty_breadpop/5,,,"Rabbit_leader,Body,0,-462,0,0,5,1,1,0",,,,,,,,,,,,,,,,,,,,,,,,,,,,,,,,,,,,,,,,,,,,,,,,,,,,,,,,,,,,,,,,,,,,,,,,,,,,,,,,,,,,,,,,,,,,,,,,,,,,,,,,,,,,,,,,,,,,
teaparty_breadpop/6,,,"Rabbit_leader,Body,0,-462,0,0,5,1,1,0",,,,,,,,,,,,,,,,,,,,,,,,,,,,,,,,,,,,,,,,,,,,,,,,,,,,,,,,,,,,,,,,,,,,,,,,,,,,,,,,,,,,,,,,,,,,,,,,,,,,,,,,,,,,,,,,,,,,
teaparty_breadeat/0,,,"Rabbit_leader,Body,0,-462,0,0,5,1,1,0",,,,,,,,,,,,,,,,,,,,,,,,,,,,,,,,,,,,,,,,,,,,,,,,,,,,,,,,,,,,,,,,,,,,,,,,,,,,,,,,,,,,,,,,,,,,,,,,,,,,,,,,,,,,,,,,,,,,
teaparty_breadeat/1,,,"Rabbit_leader,Body,0,-462,0,0,5,1,1,0",,,,,,,,,,,,,,,,,,,,,,,,,,,,,,,,,,,,,,,,,,,,,,,,,,,,,,,,,,,,,,,,,,,,,,,,,,,,,,,,,,,,,,,,,,,,,,,,,,,,,,,,,,,,,,,,,,,,
teaparty_breadeat/2,,,"Rabbit_leader,Body,0,-462,0,0,5,1,1,0",,,,,,,,,,,,,,,,,,,,,,,,,,,,,,,,,,,,,,,,,,,,,,,,,,,,,,,,,,,,,,,,,,,,,,,,,,,,,,,,,,,,,,,,,,,,,,,,,,,,,,,,,,,,,,,,,,play_time_mod_3,,
teaparty_breadeat/3,,,"Rabbit_leader,Body,0,-462,0,0,5,1,1,0",,,,,,,,,,,,,,,,,,,,,,,,,,,,,,,,,,,,,,,,,,,,,,,,,,,,,,,,,,,,,,,,,,,,,,,,,,,,,,,,,,,,,,,,,,,,,,,,,,,,,,,,,,,,,,,,,,play_time_mod_2.5,,
teaparty_breadeat/4,,,"Rabbit_leader,Body,0,-462,0,0,5,1,1,0",,,,,,,,,,,,,,,,,,,,,,,,,,,,,,,,,,,,,,,,,,,,,,,,,,,,,,,,,,,,,,,,,,,,,,,,,,,,,,,,,,,,,,,,,,,,,,,,,,,,,,,,,,,,,,,,,,play_time_mod_2,,
teaparty_breadeat/5,,,"Rabbit_leader,Body,0,-462,0,0,5,1,1,0",,,,,,,,,,,,,,,,,,,,,,,,,,,,,,,,,,,,,,,,,,,,,,,,,,,,,,,,,,,,,,,,,,,,,,,,,,,,,,,,,,,,,,,,,,,,,,,,,,,,,,,,,,,,,,,,,,play_time_mod_1.5,,
teaparty_breadeat/6,,,"Rabbit_leader,Body,0,-462,0,0,5,1,1,0",,,,,,,,,,,,,,,,,,,,,,,,,,,,,,,,,,,,,,,,,,,,,,,,,,,,,,,,,,,,,,,,,,,,,,,,,,,,,,,,,,,,,,,,,,,,,,,,,,,,,,,,,,,,,,,,,,,,
teaparty_breadeat/7,,,"Rabbit_leader,Body,0,-462,0,0,5,1,1,0",,,,,,,,,,,,,,,,,,,,,,,,,,,,,,,,,,,,,,,,,,,,,,,,,,,,,,,,,,,,,,,,,,,,,,,,,,,,,,,,,,,,,,,,,,,,,,,,,,,,,,,,,,,,,,,,,,,,
teaparty_breadeat/8,,,"Rabbit_leader,Body,0,-462,0,0,5,1,1,0",,,,,,,,,,,,,,,,,,,,,,,,,,,,,,,,,,,,,,,,,,,,,,,,,,,,,,,,,,,,,,,,,,,,,,,,,,,,,,,,,,,,,,,,,,,,,,,,,,,,,,,,,,,,,,,,,,,,
teaparty_breadeat/9,,,"Rabbit_leader,Body,0,-462,0,0,5,1,1,0",,,,,,,,,,,,,,,,,,,,,,,,,,,,,,,,,,,,,,,,,,,,,,,,,,,,,,,,,,,,,,,,,,,,,,,,,,,,,,,,,,,,,,,,,,,,,,,,,,,,,,,,,,,,,,,,,,,,
teaparty_idle5/0,,,"Rabbit_leader,Body,0,-462,0,0,5,1,1,0",,,,,,,,,,,,,,,,,,,,,,,,,,,,,,,,,,,,,,,,,,,,,,,,,,,,,,,,,,,,,,,,,,,,,,,,,,,,,,,,,,,,,,,,,,,,,,,,,,,,,,,,,,,,,,,,,,play_time_mod_2,,
teaparty_idle5/1,,,"Rabbit_leader,Body,0,-462,0,0,5,1,1,0",,,,,,,,,,,,,,,,,,,,,,,,,,,,,,,,,,,,,,,,,,,,,,,,,,,,,,,,,,,,,,,,,,,,,,,,,,,,,,,,,,,,,,,,,,,,,,,,,,,,,,,,,,,,,,,,,,,,
teaparty_idle5/2,,,"Rabbit_leader,Body,0,-462,0,0,5,1,1,0",,,,,,,,,,,,,,,,,,,,,,,,,,,,,,,,,,,,,,,,,,,,,,,,,,,,,,,,,,,,,,,,,,,,,,,,,,,,,,,,,,,,,,,,,,,,,,,,,,,,,,,,,,,,,,,,,,play_time_mod_1.5,,
teaparty_idle5/3,,,"Rabbit_leader,Body,0,-462,0,0,5,1,1,0",,,,,,,,,,,,,,,,,,,,,,,,,,,,,,,,,,,,,,,,,,,,,,,,,,,,,,,,,,,,,,,,,,,,,,,,,,,,,,,,,,,,,,,,,,,,,,,,,,,,,,,,,,,,,,,,,,play_time_mod_1.4,,
teaparty_idle5/4,,,"Rabbit_leader,Body,0,-462,0,0,5,1,1,0",,,,,,,,,,,,,,,,,,,,,,,,,,,,,,,,,,,,,,,,,,,,,,,,,,,,,,,,,,,,,,,,,,,,,,,,,,,,,,,,,,,,,,,,,,,,,,,,,,,,,,,,,,,,,,,,,,play_time_mod_2.5,,
teaparty_idle5/5,,,"Rabbit_leader,Body,0,-462,0,0,5,1,1,0",,,,,,,,,,,,,,,,,,,,,,,,,,,,,,,,,,,,,,,,,,,,,,,,,,,,,,,,,,,,,,,,,,,,,,,,,,,,,,,,,,,,,,,,,,,,,,,,,,,,,,,,,,,,,,,,,,play_time_mod_1.4,,
teaparty_idle5/6,,,"Rabbit_leader,Body,0,-462,0,0,5,1,1,0",,,,,,,,,,,,,,,,,,,,,,,,,,,,,,,,,,,,,,,,,,,,,,,,,,,,,,,,,,,,,,,,,,,,,,,,,,,,,,,,,,,,,,,,,,,,,,,,,,,,,,,,,,,,,,,,,,,,
teaparty_idle5/7,,,"Rabbit_leader,Body,0,-462,0,0,5,1,1,0",,,,,,,,,,,,,,,,,,,,,,,,,,,,,,,,,,,,,,,,,,,,,,,,,,,,,,,,,,,,,,,,,,,,,,,,,,,,,,,,,,,,,,,,,,,,,,,,,,,,,,,,,,,,,,,,,,,,
teaparty_meep2/0,,,"Rabbit_leader,Body,0,-462,0,0,5,1,1,0",,,,,,,,,,,,,,,,,,,,,,,,,,,,,,,,,,,,,,,,,,,,,,,,,,,,,,,,,,,,,,,,,,,,,,,,,,,,,,,,,,,,,,,,,,,,,,,,,,,,,,,,,,,,,,,,,,,,
teaparty_meep2/1,,,"Rabbit_leader,Body,0,-462,0,0,5,1,1,0",,,,,,,,,,,,,,,,,,,,,,,,,,,,,,,,,,,,,,,,,,,,,,,,,,,,,,,,,,,,,,,,,,,,,,,,,,,,,,,,,,,,,,,,,,,,,,,,,,,,,,,,,,,,,,,,,,,,
teaparty_meep2/2,,,"Rabbit_leader,Body,0,-462,0,0,5,1,1,0",,,,,,,,,,,,,,,,,,,,,,,,,,,,,,,,,,,,,,,,,,,,,,,,,,,,,,,,,,,,,,,,,,,,,,,,,,,,,,,,,,,,,,,,,,,,,,,,,,,,,,,,,,,,,,,,,,,,
teaparty_meep2/3,,,"Rabbit_leader,Body,0,-462,0,0,5,1,1,0",,,,,,,,,,,,,,,,,,,,,,,,,,,,,,,,,,,,,,,,,,,,,,,,,,,,,,,,,,,,,,,,,,,,,,,,,,,,,,,,,,,,,,,,,,,,,,,,,,,,,,,,,,,,,,,,,,,,
teaparty_meep2/4,,,"Rabbit_leader,Body,0,-462,0,0,5,1,1,0",,,,,,,,,,,,,,,,,,,,,,,,,,,,,,,,,,,,,,,,,,,,,,,,,,,,,,,,,,,,,,,,,,,,,,,,,,,,,,,,,,,,,,,,,,,,,,,,,,,,,,,,,,,,,,,,,,hold,,
teaparty_appear/0,,,"Rabbit_leader,Body,0,-462,0,0,5,1,1,0",,,,,,,,,,,,,,,,,,,,,,,,,,,,,,,,,,,,,,,,,,,,,,,,,,,,,,,,,,,,,,,,,,,,,,,,,,,,,,,,,,,,,,,,,,,,,,,,,,,,,,,,,,"Smoke Pop,Base,0,-258,0,0,0,1.5,1.5,0",,,,,,,,,,
teaparty_appear/1,,,"Rabbit_leader,Body,0,-462,0,0,5,1,1,0",,,,,,,,,,,,,,,,,,,,,,,,,,,,,,,,,,,,,,,,,,,,,,,,,,,,,,,,,,,,,,,,,,,,,,,,,,,,,,,,,,,,,,,,,,,,,,,,,,,,,,,,,,,,,,,,,,,,
teaparty_table/0,,,"Rabbit_leader,Body,0,-462,0,0,5,1,1,0",,,,,,,,,,,,,,,,,,,,,,,,,,,,,,,,,,,,,,,,,,,,,,,,,,,,,,,,,,,,,,,,,,,,,,,,,,,,,,,,,,,,,,,,,,,,,,,,,,,,,,,,,,,,,,,,,,,,
